0x589d5c8B27b1F57277770Bb740cC677915BF25B5,2
0x1Ad1326Ae5caD3c912D7899649286AFBcf908925,1
0x30C3b30553EBa700E611D1810BAe1586dF5308Ba,1
0x3db37aD1d95F05cF22a5166F29Ec15C89AA51062,1
0x57732778fC7725f280ed45Fd400d089e85033C48,1
0x5b6c7C9f5caE3E97AaF65D9c1d2C7F76869a26E1,1
0x73120A99605D384336778e0F0D2Bc644EED93E58,1
0x75421bd09A277B76E6863b5Eeb2e7f1668a8EdA9,1
0x7aAc88c0150B58990FdFC88163e273910634C87e,1
0x7efD5BA8c85C674016e2154E4739c20a9af81b44,1
0x8Bb78398a43fF0006292a7039352945a9edDa179,1
0xA200fC3C15b73b9111611eC565b02Ee4186D3f40,1
0xB0ca0581DC497fb32b72be80e323ABF9c2fF35F2,1
0xC2f1D61C53EDF1D98db40Fb145DC3Fe1170414bC,1
0xC979066F305ad43Af1fa326CeCDfd93B90bd14E5,1
0xCAe72DDaF179b5d62d231E5B51Ca9BB142715004,1
0xd17c9f8432f057031eA2705902C36729a7E3c66a,1
0xd6DA2A243e7c50964E873FE4Cc3c39a4B24486dE,1
0xF3EDc41720E3a30aeA2DF751a69A7426E22EF7A4,1
0xfCB4FccfB4DCD6f6F045EfeCb8bb70C78033Cfe1,1
